epoch,train_total,train_reconstruction,train_consistency,train_invariant_geometry,train_variance,train_covariance,train_rank_loss,train_effective_rank,train_scale_covariance,train_pose_orthogonality,validation_total,validation_reconstruction,validation_consistency,validation_invariant_geometry,validation_variance,validation_covariance,validation_rank_loss,validation_effective_rank,validation_scale_covariance,validation_pose_orthogonality
1,1.5844408185746934,0.5952943743864695,2.0955641866941636e-06,0.0,0.9891443497339885,3.108742026624284e-08,0.0,1.1434223784089164,0.0,0.0,1.447283898141649,0.4643520345158047,1.6024813424640644e-05,0.0,0.9829158249961005,1.290541872738989e-07,0.0,1.0000816815455957,0.0,0.0
2,1.067380171140035,0.48242796426349216,0.045038134935025786,0.0,0.3715380494329664,3.367520388356504,0.0,1.1489594955169244,0.0,0.0,0.8424590962198045,0.43794996462927926,0.0759725973142518,0.0,0.02707632539007399,6.029204098595513,0.0,1.000140467812015,0.0,0.0
3,1.2681438854005602,0.45910043292575414,0.06774243640568521,0.0,0.1265643546846178,12.29473306700256,0.0,1.0119567649444814,0.0,0.0,0.7007621034516228,0.42385339649518333,0.03764910073743926,0.0,0.13546863883071475,2.0758192810482448,0.0,1.0000706251394498,0.0,0.0
4,0.7435776804288229,0.4194517368210687,0.04797958859801293,0.0,0.07954618411593967,3.932003352695041,0.0,1.0386946992026482,0.0,0.0,0.6857114557160272,0.41058942953745525,0.04953568643993801,0.0,0.06345002492268881,3.2427262009514704,0.0,1.0001057386087637,0.0,0.0
5,0.6844509268336826,0.363856277624766,0.05076840863956345,0.0,0.08163698874579535,3.763784969753689,0.0,1.0145714285561307,0.0,0.0,0.7483657808833653,0.40067563345697194,0.03386579748657015,0.0,0.26460718084706203,0.984343314382765,0.0,1.0002516237116343,0.0,0.0
6,0.6339094962543912,0.33335882533921135,0.04656128777398003,0.0,0.08980585797627767,3.283670475218031,0.0,1.0226290948545735,0.0,0.0,0.6276239984300401,0.30527664799160426,0.05933869140015708,0.0,0.03823802947998047,4.49541253153483,0.0,1.0001008135921992,0.0,0.0
7,0.6465338499281141,0.3219477605819702,0.04461655059787962,0.0,0.1032470944987403,3.534448830074734,0.0,1.0142699215400248,0.0,0.0,0.6228907829390632,0.3461600175433689,0.03333852684497833,0.0,0.0964601730770535,2.938641183853149,0.0,1.0000621158389018,0.0,0.0
8,0.5903552981482612,0.30050243491596645,0.04039294789897071,0.0,0.07162331938743591,3.5567318806118435,0.0,1.0181749609911854,0.0,0.0,0.5674318769243029,0.2875021316740248,0.02622990377826823,0.0,0.1704790934589174,1.664415057818095,0.0,1.0001082699035697,0.0,0.0
9,0.5559878877003988,0.28394325131840176,0.028274079038037195,0.0,0.07135330126020643,3.4483450308905708,0.0,1.0057439390993304,0.0,0.0,0.6386077890925937,0.2872390185991923,0.035397678010993534,0.0,0.02318343734741211,5.855753089904785,0.0,1.0004019126923653,0.0,0.0
10,0.5657510763804118,0.2731349347697364,0.022390108752581808,0.0,0.06893699232737223,4.0257807604471845,0.0,1.011210668102163,0.0,0.0,0.5895587089326647,0.26562796762254504,0.02348520869347784,0.0,0.02346164067586263,5.539677763197157,0.0,1.000063720439709,0.0,0.0
11,0.5570255688031515,0.26918637201521134,0.020230747403370008,0.0,0.07882050943374634,3.7757587505976358,0.0,1.004046234392303,0.0,0.0,0.5494170871310764,0.2666686672899458,0.021977335042423673,0.0,0.042211978475252786,4.3711820114983455,0.0,1.0000223824224215,0.0,0.0
12,0.54727311457528,0.2642733968098958,0.018501795893741978,0.0,0.0696046199798584,3.8978660008642407,0.0,1.0093652002987052,0.0,0.0,0.5726407561302185,0.272500321759118,0.010277767246796025,0.0,0.22703181568781536,1.2566170010036892,0.0,1.0000429566791889,0.0,0.0
13,0.5423075177934434,0.2576572427484724,0.018172526272634666,0.0,0.07467667990260654,3.8360213748084173,0.0,1.0097227468364733,0.0,0.0,0.5193649051719241,0.2535422311888801,0.012635878644055791,0.0,0.16825988317860496,1.6985381605360244,0.0,1.000030084432425,0.0,0.0
14,0.5156612097422282,0.2526754092110528,0.015550464048153825,0.0,0.07424400414360895,3.4638266328175864,0.0,1.0160090541345406,0.0,0.0,0.4965176788700951,0.24933235779073504,0.013583433925277657,0.0,0.12390105948183272,2.1940165100097655,0.0,1.0000238329078206,0.0,0.0
15,0.5276044682396783,0.25402822438875833,0.01590680074195067,0.0,0.07446588230133057,3.664071163813273,0.0,1.0048621430083773,0.0,0.0,0.4994645544687907,0.2481976201534271,0.017875957787036895,0.0,0.058244434263971114,3.502930801179674,0.0,1.000080852049182,0.0,0.0
16,0.5278974024454752,0.249058338854048,0.01671117249627908,0.0,0.0657717009252972,3.9271237538655597,0.0,1.0479279862660495,0.0,0.0,0.4910778084331089,0.24447602857483758,0.014733955515755548,0.0,0.05994733104440901,3.4384097951253256,0.0,1.0001226640209044,0.0,0.0
17,0.5093551561567519,0.24389727465311686,0.015580134633514616,0.0,0.06924681847625308,3.6126185465918645,0.0,1.0155749499588163,0.0,0.0,0.4837643265194363,0.24354560628202226,0.01743908753246069,0.0,0.0730025249057346,2.9955421545240615,0.0,1.0000844168099359,0.0,0.0
18,0.5265771464771695,0.2435808684428533,0.015159449097183015,0.0,0.07285360516442192,3.89966443294949,0.0,1.0074779582003879,0.0,0.0,0.5034676249292162,0.2426712903181712,0.01779887734519111,0.0,0.04444588343302409,3.9710315212673613,0.0,1.0000718974298026,0.0,0.0
19,0.5025976655748156,0.24509743648105198,0.015366673292385207,0.0,0.06266632376776801,3.5893446040683323,0.0,1.0074136135081435,0.0,0.0,0.5475183410909441,0.24243863153457643,0.017655580215983922,0.0,0.03103019756740994,5.127878545549181,0.0,1.0000573932155343,0.0,0.0
20,0.49862770069970025,0.24101384083429972,0.014586393586463398,0.0,0.07975493690702651,3.2654504839579266,0.0,1.0456599227176546,0.0,0.0,0.4934495843251546,0.24980451536178588,0.020557415123615,0.0,0.12082836776309543,2.0451856920454237,0.0,1.0003175016895907,0.0,0.0
