model,seed,description,scale_norm,scale_bypass,scale_cov,inv_decoder,eq_capacity,eq_norm,rank_loss,consistency,best_epoch,training_seconds,validation_reconstruction,test_reconstruction,unseen_reconstruction,noise_stability,unseen_noise_stability,effective_rank,latent_std,covariance_eigenvalues,latent_scale_correlations,max_abs_scale_correlation,pc1_scale_correlation,scale_linear_r2,unseen_latent_scale_correlations,unseen_max_abs_scale_correlation,unseen_pc1_scale_correlation,unseen_scale_linear_r2,latent_q4_correlations,latent_q6_correlations,q4_corr,q6_corr,phase_centroid_accuracy,density_controlled_phase_accuracy,unseen_regime_silhouette,unseen_density_controlled_silhouette,vector_norm_mean,vector_norm_std,vector_norm_p10,vector_norm_median,vector_norm_p90,tensor_norm_mean,tensor_norm_std,tensor_norm_p10,tensor_norm_median,tensor_norm_p90,branch_full_reconstruction,branch_mean_structure_reconstruction,branch_zero_equivariant_reconstruction,eq_leakage_ratio,possible_equivariant_structural_leakage,invariant_decoder_mse,swap_distance_to_structure_A,swap_distance_to_equivariant_source_B,swap_prefers_structure_A,z_structure_invariance_max_abs,z_vector_equivariance_max_abs,z_tensor_equivariance_max_abs,reconstruction_equivariance_max_abs,z_structure_permutation_invariance_max_abs,reconstruction_set_difference_chamfer
B0,17,Original full branch; also the E1 and R1 reference (current equivariant capacity plus variance/covariance regularization).,none,False,0.0,False,v3_t2,False,0.0,1.0,16,148.25749731063843,0.20209503173828125,0.2013227492570877,0.2595365643501282,0.004513227846473455,0.007923129945993423,1.0000306430499868,"[0.9342268109321594, 0.9228420257568359, 0.9470354914665222, 0.9468936920166016]","[2.5048040811858917e-07, 7.07488307924901e-07, 6.463675059676067e-06, 3.5186774960709672]","[-0.12348831087128771, -0.12450969111838679, -0.12437262043498232, -0.12384620589132134]",0.12450969111838679,-0.12405237205310365,0.182885566239265,"[-0.9350620542358526, -0.9353562370677011, -0.9352567527690099, -0.9348303649134941]",0.9353562370677011,0.935124631114666,0.922475472599978,"[-0.03300850378272135, -0.03246732173125605, -0.032686509139154205, -0.03323709716515326]","[0.0811330943198552, 0.08194092586770928, 0.0817493489209861, 0.0811933518749291]",0.03323709716515326,0.08194092586770928,0.34355555555555556,0.33466666666666667,0.34336283802986145,-0.13492572767954583,0.8325280547142029,0.5439915060997009,0.15216481685638428,0.7996882796287537,1.522915005683899,0.6604465246200562,0.3651962876319885,0.2178228795528412,0.5789762735366821,1.1665081977844238,0.19486355781555176,0.20305290818214417,0.7897008657455444,1.0420260743383534,True,,0.07234952598810196,0.07373584061861038,True,1.9073486328125e-06,2.8133392333984375e-05,3.069639205932617e-06,2.3603439331054688e-05,1.430511474609375e-06,1.8414100105834663e-11
S1,17,RMS-radius normalization with normalized-geometry reconstruction.,rms_radius,False,0.0,False,v3_t2,False,0.0,1.0,17,147.74970817565918,0.21257513761520386,0.21068033576011658,0.21481281518936157,0.0021535251289606094,0.0012922435998916626,1.000065178552213,"[0.9853706955909729, 0.9921454787254333, 0.9998487830162048, 0.995306670665741]","[2.034540499860315e-07, 7.655650614999075e-07, 1.8133493656259483e-05, 3.946499072061632]","[-0.004024737936918717, -0.004073290512484888, -0.00417173765656429, 0.003906689966338878]",0.00417173765656429,0.004044466151077698,0.012263766958798383,"[-0.03116731901043374, -0.03197332938540668, -0.03159041649998651, 0.03023843961424776]",0.03197332938540668,-0.031238219646692218,0.6304527301905927,"[-0.03115465896176698, -0.03071564928369185, -0.03024998662608386, 0.031034498089691595]","[-0.03465570742291171, -0.03436724942123111, -0.034089442085909964, 0.034709941771342255]",0.03115465896176698,0.034709941771342255,0.33911111111111114,0.33866666666666667,-0.00900507066398859,-0.00886708957799523,0.5535200238227844,0.4579533636569977,0.08294955641031265,0.3610321581363678,1.2161532640457153,0.47391894459724426,0.22694216668605804,0.2181420773267746,0.4285587668418884,0.800122082233429,0.21431583166122437,0.2218720018863678,0.8001104593276978,1.0352571724009998,True,,0.041327107697725296,0.04172348976135254,True,4.291534423828125e-06,2.950429916381836e-05,2.3096799850463867e-06,3.126263618469238e-05,5.245208740234375e-06,8.279299554964092e-13
S1B,17,RMS-normalized encoder with external scale bypass for raw-coordinate reconstruction.,rms_radius,True,0.0,False,v3_t2,False,0.0,1.0,16,143.80097818374634,0.2197849601507187,0.21764832735061646,0.2600088119506836,0.0021297873463481665,0.0012638367479667068,1.000005722160941,"[0.9687259793281555, 0.9866515398025513, 0.9847683906555176, 0.9730923771858215]","[2.9541561534214288e-09, 1.5867627091907343e-07, 1.1880215600928706e-06, 3.829439595935296]","[-0.015466586345714269, -0.01540704076192574, -0.015384368146095805, 0.015502224012323073]",0.015502224012323073,0.015439436814045355,0.051599252349237124,"[-0.1256196317850462, -0.12493517847403549, -0.12461753532234718, 0.12598742867754076]",0.12598742867754076,-0.1252818330185691,0.5033004521193151,"[-0.02166819328931737, -0.02207325367383787, -0.022272969834564265, 0.021991796289285603]","[-0.02525515599458917, -0.025441589426845348, -0.025548656128748518, 0.02537592933375841]",0.022272969834564265,0.025548656128748518,0.33888888888888885,0.3382222222222222,-0.018504567444324493,-0.02198270403941351,0.5829616785049438,0.4944946765899658,0.08295596390962601,0.3564126491546631,1.2977004051208496,0.5112549066543579,0.22100332379341125,0.25784820318222046,0.47673821449279785,0.818468451499939,0.2194090187549591,0.22717443108558655,0.7897008657455444,1.0353924026217902,True,,0.09902641922235489,0.10033656656742096,True,4.291534423828125e-06,1.5079975128173828e-05,1.6689300537109375e-06,1.633167266845703e-05,5.7220458984375e-06,5.844496978393843e-13
S2,17,Scale cross-covariance penalty only.,none,False,0.1,False,v3_t2,False,0.0,1.0,16,147.72051072120667,0.20209503173828125,0.2013227492570877,0.2595365643501282,0.004513227846473455,0.007923129945993423,1.0000306430499868,"[0.9342268109321594, 0.9228420257568359, 0.9470354914665222, 0.9468936920166016]","[2.5048040811858917e-07, 7.07488307924901e-07, 6.463675059676067e-06, 3.5186774960709672]","[-0.12348831087128771, -0.12450969111838679, -0.12437262043498232, -0.12384620589132134]",0.12450969111838679,-0.12405237205310365,0.182885566239265,"[-0.9350620542358526, -0.9353562370677011, -0.9352567527690099, -0.9348303649134941]",0.9353562370677011,0.935124631114666,0.922475472599978,"[-0.03300850378272135, -0.03246732173125605, -0.032686509139154205, -0.03323709716515326]","[0.0811330943198552, 0.08194092586770928, 0.0817493489209861, 0.0811933518749291]",0.03323709716515326,0.08194092586770928,0.34355555555555556,0.33466666666666667,0.34336283802986145,-0.13492572767954583,0.8325280547142029,0.5439915060997009,0.15216481685638428,0.7996882796287537,1.522915005683899,0.6604465246200562,0.3651962876319885,0.2178228795528412,0.5789762735366821,1.1665081977844238,0.19486355781555176,0.20305290818214417,0.7897008657455444,1.0420260743383534,True,,0.07234952598810196,0.07373584061861038,True,1.9073486328125e-06,2.8133392333984375e-05,3.069639205932617e-06,2.3603439331054688e-05,1.430511474609375e-06,1.8414100105834663e-11
S3,17,RMS normalization plus scale decorrelation.,rms_radius,False,0.1,False,v3_t2,False,0.0,1.0,18,147.4891860485077,0.21207493543624878,0.21022605895996094,0.21400980651378632,0.00235379277728498,0.0014971313066780567,1.0001387541845406,"[1.0163681507110596, 1.0274995565414429, 0.9897416830062866, 1.001386046409607]","[7.460966669612647e-08, 3.2536092935796274e-06, 4.116384303373272e-05, 4.0719824410340095]","[0.0034019695453849363, 0.003375306766006125, 0.003737432282923919, -0.003467831432048904]",0.003737432282923919,-0.0034920146162734766,0.008919820844797699,"[0.04664066773079951, 0.04696579048444964, 0.047173290229116115, -0.046986836738433034]",0.047173290229116115,0.046940949927793074,0.5319414332561774,"[-0.04113296014946703, -0.041284817542661334, -0.04247157718827882, 0.04184629648382358]","[-0.04747659335706752, -0.04758565846306571, -0.048620558727186645, 0.04804055333304595]",0.04247157718827882,0.048620558727186645,0.34155555555555556,0.3426666666666667,-0.0050688800401985645,-0.006120361674592063,0.5683704614639282,0.4332101345062256,0.08424992114305496,0.4391026496887207,1.1780586242675781,0.4735552966594696,0.2610164284706116,0.18823304772377014,0.40240851044654846,0.8568252325057983,0.21387411653995514,0.22236499190330505,0.8001104593276978,1.0397003410263705,True,,0.05877858027815819,0.058926962316036224,True,5.245208740234375e-06,1.1473894119262695e-05,2.5331974029541016e-06,1.284480094909668e-05,5.245208740234375e-06,4.845270777480148e-13
D1,17,Invariant geometry decoder only.,none,False,0.0,True,v3_t2,False,0.0,1.0,20,149.04061150550842,0.13275077939033508,0.13253632187843323,0.1710216999053955,0.002035384066402912,8.875726052792743e-06,1.000783227400129,"[1.0262820720672607, 1.0097355842590332, 1.0411287546157837, 0.9875338673591614]","[3.1463803337685145e-07, 1.7896221236828055e-05, 0.0002824438620335973, 4.132607665918816]","[-0.03415822954647971, -0.03454942984897319, -0.027911838271222737, 0.03491482985552441]",0.03491482985552441,-0.03279597071692848,0.4230488276903912,"[-0.9051299660088671, -0.9175300173239647, -0.0026506066907635763, 0.9353004143612111]",0.9353004143612111,0.9093525339918667,0.9351444400749306,"[-0.04169711114362455, -0.04060930628614361, -0.045985246647767035, 0.03934321098005047]","[0.017719323868739142, 0.0184891208463942, 0.01133171098661686, -0.01935202919040067]",0.045985246647767035,0.01935202919040067,0.34511111111111115,0.3446666666666667,0.4699597656726837,0.0740970408842598,0.9294798374176025,0.2591420114040375,0.5928893089294434,0.9428608417510986,1.2491573095321655,0.5865919589996338,0.1917756348848343,0.31607726216316223,0.6070616841316223,0.8059240579605103,0.12354162335395813,0.1492903232574463,0.7897008657455444,1.2084212527280442,True,0.0017726438818499446,0.07676047831773758,0.07955455034971237,True,3.5762786865234375e-07,0.0015417039394378662,7.912516593933105e-06,0.0015984177589416504,4.76837158203125e-07,1.5836031097560266e-10
D2,17,RMS normalization plus invariant geometry decoder.,rms_radius,False,0.0,True,v3_t2,False,0.0,1.0,17,146.6125910282135,0.13587632775306702,0.13502436876296997,0.14154210686683655,0.0022040805779397488,0.0015346998116001487,1.0000557423291079,"[0.9672842025756836, 0.9628509283065796, 0.9719815850257874, 0.9752069115638733]","[3.5599261496239524e-07, 4.519607626170385e-07, 1.4542535919811782e-05, 3.759318365536607]","[-0.013779929470622523, -0.01399524289000504, -0.014022231383761501, 0.013847610840490002]",0.014022231383761501,-0.013911098660352348,0.08381793088436285,"[-0.12136142940055895, -0.1235824590657934, -0.12569346586503222, 0.12245437791392909]",0.12569346586503222,0.12326395925847049,0.42896058638758316,"[0.011311794452814961, 0.011352343832763439, 0.011156845704174134, -0.011093947483964089]","[0.04771236188431365, 0.047824892998411334, 0.047565919699200224, -0.04748928288520259]",0.011352343832763439,0.047824892998411334,0.33266666666666667,0.33266666666666667,-0.020365318283438683,-0.034478800203610986,1.001552700996399,0.21471092104911804,0.7208040952682495,0.9909309148788452,1.2736631631851196,0.570398211479187,0.1614816039800644,0.3296606242656708,0.5859202146530151,0.7660623788833618,0.13087022304534912,0.13508863747119904,0.8001104593276978,1.032233569468191,True,0.0021772999316453934,0.07375151664018631,0.07457313686609268,True,2.384185791015625e-06,9.79304313659668e-05,7.187947630882263e-06,0.00011873245239257812,3.5762786865234375e-06,1.0792692434202777e-10
E2,17,"Reduced equivariant capacity (2 vectors, 1 tensor).",none,False,0.0,False,v2_t1,False,0.0,1.0,17,143.44643688201904,0.24432547390460968,0.24147428572177887,0.3256322145462036,0.0034735645167529583,0.006144484039396048,1.0000769126498847,"[0.9817812442779541, 0.9869276881217957, 0.9810554385185242, 0.9924474358558655]","[1.0542565133951836e-07, 2.4233457591148456e-06, 1.9700680763994863e-05, 3.8861834075473953]","[0.06105816178067897, 0.06023921761448471, 0.060446300922792455, 0.06062442633841936]",0.06105816178067897,0.06059150882198339,0.3257551434247372,"[-0.39816098723614113, -0.39831165347918074, -0.3972698934026462, -0.39611470801128323]",0.39831165347918074,-0.397466688296942,0.8130216620516694,"[-0.10119569597670405, -0.10068253657994998, -0.10085608609011787, -0.10083771846402972]","[-0.07449050577608281, -0.07382218538873936, -0.07384880627326659, -0.07391669157863566]",0.10119569597670405,0.07449050577608281,0.38022222222222224,0.3544444444444444,-0.07399893552064896,-0.1345601449194288,0.9859281778335571,0.5490012764930725,0.30141666531562805,0.9123940467834473,1.5754516124725342,0.4593515694141388,0.19110003113746643,0.2001757174730301,0.47151288390159607,0.7023452520370483,0.2465098649263382,0.24801576137542725,0.7897008657455444,1.0061088689068856,True,,0.09686393290758133,0.09839632362127304,True,1.9073486328125e-06,5.14984130859375e-05,9.98377799987793e-07,4.684925079345703e-05,1.9073486328125e-06,1.6092452891081077e-12
E3,17,Reduced branch with vector/tensor magnitude normalization.,none,False,0.0,False,v2_t1,True,0.0,1.0,3,58.32832884788513,0.23408740758895874,0.23588699102401733,0.28295034170150757,0.04381078481674194,0.06093337759375572,1.0009650563023704,"[1.2708035707473755, 1.2728447914123535, 1.189090371131897, 1.2266290187835693]","[4.440329781933052e-06, 2.4819172740187118e-05, 0.0005349168366869095, 6.154434837197698]","[-0.58105583532423, 0.5807442863162824, 0.5845271383091989, -0.5881800278538988]",0.5881800278538988,0.5835400242766258,0.4515864481848578,"[-0.9075809566194598, 0.9177378671442212, 0.9209557593698029, -0.9178092936871994]",0.9209557593698029,0.9166965947113448,0.9263124689228415,"[0.4371675585927579, -0.4371182688596285, -0.4348451559283197, 0.4318946697245327]","[0.6206135837953258, -0.6203857259036233, -0.6194582805192007, 0.6183098562798147]",0.4371675585927579,0.6206135837953258,0.706,0.5835555555555556,0.4992081820964813,0.1340177129416267,1.0,3.865376285716593e-08,0.9999999403953552,1.0,1.0,1.0,4.021044119895123e-08,0.9999999403953552,1.0,1.0,0.23260605335235596,0.23373067378997803,0.7897008657455444,1.0048348717559747,True,,0.04293488711118698,0.04230964183807373,False,2.384185791015625e-06,7.033348083496094e-06,5.7443976402282715e-06,9.834766387939453e-06,1.430511474609375e-06,2.1536495731309252e-13
E4,17,"Minimal practical branch (3 vectors, no tensors).",none,False,0.0,False,v3_t0,False,0.0,1.0,17,141.33018469810486,0.24325644969940186,0.24364328384399414,0.30698251724243164,0.0027261849027127028,0.004826703574508429,1.0000352494715576,"[0.9497782588005066, 0.9518805146217346, 0.9503322839736938, 0.9501330852508545]","[2.0191345499617324e-08, 2.3083267783567453e-07, 8.831967284479235e-06, 3.614834422610496]","[0.02289592026356884, -0.022784510691111166, -0.02317633296060611, 0.023032610078088944]",0.02317633296060611,0.022972235305619676,0.12595140579641784,"[-0.46885806628041693, 0.46766606308045544, 0.4672494782293322, -0.4682949513224524]",0.46885806628041693,0.46801992516513585,0.9587461151254736,"[-0.05957778707415998, 0.059504692041514096, 0.05959120350824925, -0.0596106999757357]","[-0.03135323185583734, 0.031202631523739414, 0.03153150737695261, -0.03145212912728188]",0.0596106999757357,0.03153150737695261,0.35777777777777775,0.3424444444444444,-0.07924163341522217,-0.17664423217020248,0.7957742810249329,0.5645679235458374,0.13958647847175598,0.6637870073318481,1.596535325050354,,,,,,0.23898787796497345,0.2578754127025604,0.7897008657455444,1.0790313504534952,True,,0.1475316286087036,0.15038129687309265,True,1.9073486328125e-06,2.043694257736206e-05,,1.766905188560486e-05,1.9073486328125e-06,2.4176084311572366e-12
R2,17,Variance/covariance plus rank loss.,none,False,0.0,False,v3_t2,False,0.5,1.0,17,146.6740849018097,0.21627464890480042,0.21682293713092804,0.26544132828712463,0.01742176152765751,0.016115061938762665,3.6701497264864367,"[1.1405478715896606, 1.211016058921814, 1.081804871559143, 1.2369955778121948]","[0.6967478518356679, 1.08171154190804, 1.4456731631178186, 2.2449524552757536]","[0.4282092989482918, 0.3334968589216211, 0.3533123068013924, 0.4057092189659844]",0.4282092989482918,0.5776494908202765,0.40474741253194935,"[0.9191490211552232, 0.23637132551743334, 0.8691043867363387, 0.7038185844658819]",0.9191490211552232,0.8723002058775223,0.929797625275014,"[-0.029479419178382833, -0.5997812994034711, 0.049952118089265904, -0.3652895631404926]","[-0.42919786026555024, -0.5607524781823474, -0.31310926939743744, -0.49233742053625995]",0.5997812994034711,0.5607524781823474,0.85,0.7951111111111112,0.6007021069526672,0.27251707340139875,1.4045076370239258,0.11116133630275726,1.3317368030548096,1.4267399311065674,1.4868305921554565,0.7529930472373962,0.2184656858444214,0.48148036003112793,0.7395769357681274,1.0323842763900757,0.21261191368103027,0.21556180715560913,0.7897008657455444,1.0138745445798696,True,,0.10403585433959961,0.10436005890369415,True,1.9073486328125e-06,5.5924057960510254e-05,8.851289749145508e-06,5.7619065046310425e-05,1.430511474609375e-06,1.0276781595847106e-12
R3,17,Rank loss without covariance penalty.,none,False,0.0,False,v3_t2,False,0.5,1.0,9,104.01218223571777,0.24667347967624664,0.24520426988601685,0.2951650321483612,0.03582551330327988,0.03287467360496521,3.117718828047708,"[1.3733223676681519, 1.1313450336456299, 1.2024929523468018, 1.2959812879562378]","[0.15617712673965506, 1.2725348064277577, 1.9925992408169335, 2.8716009515615797]","[0.5277543420943742, -0.32885994943426605, 0.26979747457515424, 0.007380615871707152]",0.5277543420943742,0.1715271972599061,0.5280681672932217,"[0.8329747679471616, -0.9789204729595955, 0.5044383805606212, -0.28293320444748216]",0.9789204729595955,0.9529345624535052,0.9662594005000966,"[-0.49375405486745044, -0.29025892249964846, -0.3570071011633601, -0.2969642440971037]","[-0.6513983495157019, 0.04145561155169052, -0.45259364264697804, -0.10713104367249059]",0.49375405486745044,0.6513983495157019,0.8897777777777778,0.7468888888888889,0.5851234197616577,0.17206259859680723,1.5306354761123657,0.14205610752105713,1.4118672609329224,1.5588059425354004,1.646557331085205,0.4711723029613495,0.254597544670105,0.16803677380084991,0.42762649059295654,0.8199737668037415,0.23570974171161652,0.23932026326656342,0.7897008657455444,1.0153176594600162,True,,0.1427527517080307,0.14400392770767212,True,3.814697265625e-06,5.4895877838134766e-05,3.2782554626464844e-06,4.881620407104492e-05,2.86102294921875e-06,1.219834563220834e-11
C0,17,Combined candidate without consistency.,rms_radius,False,0.0,True,v2_t1,True,0.0,0.0,20,148.82547092437744,0.12779594957828522,0.12722289562225342,0.12917983531951904,0.9771006107330322,0.9407737851142883,1.0159927200140608,"[0.9662758111953735, 0.9734594821929932, 0.982278048992157, 0.9889379143714905]","[2.4400475901861293e-07, 7.255333670621203e-05, 0.00840248397272468, 3.816556799697679]","[0.04190270015485035, 0.04084774056259669, -0.04281979474280431, 0.039850572305827336]",0.04281979474280431,-0.04139375442268716,0.003101462628039009,"[0.04897230171176779, 0.047002054737546164, -0.049786174140476695, 0.04558982537316616]",0.049786174140476695,0.047876929489567815,0.004927902364327608,"[-0.0007849112903705407, 0.0015610324921774023, 0.002676046380506319, 0.0034181190976181447]","[-0.07056771690708744, -0.0693098918795422, 0.07111095342316129, -0.06835964594802692]",0.0034181190976181447,0.07111095342316129,0.35088888888888886,0.3457777777777778,-0.016695907339453697,-0.013719006626549884,1.0,3.7895723892233946e-08,0.9999999403953552,1.0,1.0,1.0,3.9934619167070196e-08,0.9999999403953552,1.0,1.0,0.12873774766921997,0.13585834205150604,0.8001104593276978,1.0553108510223574,True,0.004080174490809441,0.026188399642705917,0.0259818397462368,False,4.57763671875e-05,8.094310760498047e-05,7.152557373046875e-07,7.551908493041992e-05,2.5510787963867188e-05,5.813639847307428e-11
FULL_A,17,"Scale normalization, auxiliary decoder, reduced normalized eq branch, consistency; also the C1 reference.",rms_radius,False,0.0,True,v2_t1,True,0.0,1.0,17,147.96356987953186,0.19302904605865479,0.19315271079540253,0.19535323977470398,0.011616429314017296,0.009625548496842384,1.0001914760658486,"[1.0840541124343872, 1.0656527280807495, 1.0893868207931519, 1.0722646713256836]","[1.2752945900629745e-07, 8.207253132348356e-06, 6.313601396490791e-05, 4.648267314157864]","[0.2090652965150521, 0.2087829698941805, -0.20956216945388295, 0.2083098259116384]",0.20956216945388295,0.20893789258553438,0.1437005898944348,"[0.2748325341032898, 0.27683078785012827, -0.278518701766046, 0.27408117681117866]",0.278518701766046,0.2760743859337461,0.5481581118913212,"[-0.4748585822649923, -0.47162225621127113, 0.47194893095154555, -0.4735732033955979]","[-0.39704183249667074, -0.39599626775143615, 0.3969614474204777, -0.39586174553866743]",0.4748585822649923,0.39704183249667074,0.6068888888888889,0.6544444444444445,0.1294071525335312,0.33511067248870713,1.0,3.733956077667244e-08,0.9999999403953552,1.0,1.0,1.0,3.967678097183125e-08,0.9999999403953552,1.0,1.0,0.177210733294487,0.18612366914749146,0.8001104593276978,1.0502956885697947,True,0.0025602527894079685,0.028228966519236565,0.02928255870938301,True,2.1457672119140625e-06,8.01384449005127e-05,0.00010855495929718018,0.00010313093662261963,2.1457672119140625e-06,6.3466545387191875e-12
FULL_B,17,FULL_A plus rank regularization.,rms_radius,False,0.0,True,v2_t1,True,0.5,1.0,17,149.35031580924988,0.193788081407547,0.1943671852350235,0.19993577897548676,0.024803387001156807,0.02074190229177475,3.5902997313220215,"[1.2623153924942017, 1.2437753677368164, 1.3851935863494873, 1.4145523309707642]","[0.724450302570513, 1.3492526714528947, 2.1493929168139547, 2.8386145008979087]","[0.08580176648449873, -0.25728885599224816, 0.4460825624934192, 0.37330276824590586]",0.4460825624934192,0.33982466063517774,0.37324097056277994,"[0.4161552260590346, -0.2627767735984133, 0.8141011893400661, 0.6989822334967642]",0.8141011893400661,-0.7259730831582348,0.735894520907197,"[0.1127353048153604, 0.6677763008617849, -0.020736224131001305, -0.4036133818536404]","[-0.0204277833638532, 0.477765828125781, -0.4651448048076608, -0.5219107133837151]",0.6677763008617849,0.5219107133837151,0.8415555555555555,0.7682222222222221,0.5169945359230042,0.2581121820848708,1.0,3.900449740967815e-08,0.9999999403953552,1.0,1.0,1.0,4.3682970130021204e-08,0.9999999403953552,1.0,1.0,0.19360552728176117,0.20129913091659546,0.8001104593276978,1.0397385536603896,True,0.0022607464343309402,0.036108341068029404,0.03866932913661003,True,3.5762786865234375e-06,3.0446797609329224e-05,2.0831823348999023e-05,3.70219349861145e-05,2.86102294921875e-06,1.382413454542597e-11
FULL_C,17,FULL_A plus scale decorrelation.,rms_radius,False,0.1,True,v2_t1,True,0.0,1.0,17,150.02179646492004,0.1891087144613266,0.1899939626455307,0.19511589407920837,0.012907791882753372,0.011701172217726707,1.000238740240208,"[1.1311936378479004, 1.120254397392273, 1.1227167844772339, 1.1201167106628418]","[7.44050774848266e-08, 3.931220085501693e-05, 5.666425036240246e-05, 5.050752239004549]","[0.23698920221610828, 0.23730570158996883, -0.23747015237373972, 0.23691972183513718]",0.23747015237373972,0.23717290354601947,0.06678693402978109,"[0.30832654010512417, 0.3069481736150558, -0.3091060505569919, 0.30652641296660765]",0.3091060505569919,0.3077321238609372,0.39947391454189485,"[-0.5000632996847025, -0.5025880546394611, 0.5007176223743316, -0.5019276567822408]","[-0.4324739333986224, -0.433665718204514, 0.43371324944932105, -0.4326602751369763]",0.5025880546394611,0.43371324944932105,0.6051111111111112,0.656888888888889,0.07886166125535965,0.3010787948869911,1.0,3.674276882748018e-08,0.9999999403953552,1.0,1.0,1.0,4.022025379413208e-08,0.9999999403953552,1.0,1.0,0.17721234261989594,0.18341273069381714,0.8001104593276978,1.0349884662786748,True,0.0038132560439407825,0.031236276030540466,0.032295145094394684,True,2.86102294921875e-06,7.957220077514648e-05,6.232410669326782e-06,9.79006290435791e-05,2.86102294921875e-06,2.570901998233399e-11
